email,userId,targetTaskId
user1@example.com,cmb6jdpf80006n38st1jlc5sy,cmb6jem8t005rn38sl2pqhzyj
user2@example.com,cmb6jdpn80007n38sxjpjohqf,cmb6jem8t005rn38sl2pqhzyj
user3@example.com,cmb6jdpt70008n38s456yvskw,cmb6jemz7005tn38s6nodaon9
user4@example.com,cmb6jdpyn0009n38s18qk09li,cmb6jemz7005tn38s6nodaon9
user5@example.com,cmb6jdq4a000an38s05020bkb,cmb6jencx005vn38shs0zftgu
user6@example.com,cmb6jdqah000bn38ssk4tjdt3,cmb6jencx005vn38shs0zftgu
user7@example.com,cmb6jdqfv000cn38sd8mz2fmg,cmb6jenqp005xn38s2x7isata
user8@example.com,cmb6jdqly000dn38sx0qwqbo8,cmb6jenqp005xn38s2x7isata
user9@example.com,cmb6jdqsc000en38srlt2dszw,cmb6jeo59005zn38skiqptrig
user10@example.com,cmb6jdqy6000fn38scldpm6b1,cmb6jeo59005zn38skiqptrig
user11@example.com,cmb6jdr40000gn38s07y7o3mb,cmb6jeolm0061n38sj96d5xwq
user12@example.com,cmb6jdrbl000hn38saiwg5hc1,cmb6jeolm0061n38sj96d5xwq
user13@example.com,cmb6jdrlm000in38sfy1f9j02,cmb6jeozu0063n38sg9wda5e4
user14@example.com,cmb6jdrrq000jn38swarfh6t3,cmb6jeozu0063n38sg9wda5e4
user15@example.com,cmb6jdrxg000kn38s3wlf8swx,cmb6jepdp0065n38sml97hl9c
user16@example.com,cmb6jds3a000ln38s7ij6ny8g,cmb6jepdp0065n38sml97hl9c
user17@example.com,cmb6jds93000mn38sopdh3ocv,cmb6jeps40067n38srqyhilq4
user18@example.com,cmb6jdsey000nn38s4dwnvg94,cmb6jeps40067n38srqyhilq4
user19@example.com,cmb6jdsks000on38sypba5qjm,cmb6jeq6c0069n38sccem4d9c
user20@example.com,cmb6jdsqc000pn38s9hpbueed,cmb6jeq6c0069n38sccem4d9c
user21@example.com,cmb6jdswk000qn38seub5s5vc,cmb6jeqjy006bn38sl5qnlo0a
user22@example.com,cmb6jdt2b000rn38swiekh8hr,cmb6jeqjy006bn38sl5qnlo0a
user23@example.com,cmb6jdt7u000sn38sew35f874,cmb6jeqxt006dn38shybdh3nh
user24@example.com,cmb6jdtde000tn38s5cfg09s9,cmb6jeqxt006dn38shybdh3nh
user25@example.com,cmb6jdtio000un38sah35zfr7,cmb6jerbf006fn38su4ssqdaj
user26@example.com,cmb6jdtot000vn38si5jkgsoa,cmb6jerbf006fn38su4ssqdaj
user27@example.com,cmb6jdtum000wn38stluded9s,cmb6jeroq006hn38se32old9y
user28@example.com,cmb6jdu06000xn38strqa71k1,cmb6jeroq006hn38se32old9y
user29@example.com,cmb6jdu65000yn38syl6bq7s5,cmb6jes2d006jn38siac27f2i
user30@example.com,cmb6jdubl000zn38stkxdtq2s,cmb6jes2d006jn38siac27f2i
user31@example.com,cmb6jduhe0010n38sxqtkp5q6,cmb6jesg8006ln38s36uc5fta
user32@example.com,cmb6jdun80011n38shwx85ez3,cmb6jesg8006ln38s36uc5fta
user33@example.com,cmb6jdut30012n38s4we3b2k5,cmb6jestt006nn38s2u792p5d
user34@example.com,cmb6jduz60013n38s0yw9icwt,cmb6jestt006nn38s2u792p5d
user35@example.com,cmb6jdv5a0014n38spjllqkz7,cmb6jet80006pn38sk8yw2aqg
user36@example.com,cmb6jdvbo0015n38spl1j75b8,cmb6jet80006pn38sk8yw2aqg
user37@example.com,cmb6jdvhs0016n38s7l9e8bsj,cmb6jetlu006rn38s09oc2787
user38@example.com,cmb6jdvnx0017n38sko5b91bm,cmb6jetlu006rn38s09oc2787
user39@example.com,cmb6jdvtg0018n38si3qorc48,cmb6jetzl006tn38s9fzn59co
user40@example.com,cmb6jdvzb0019n38sf1jy4c7z,cmb6jetzl006tn38s9fzn59co
user41@example.com,cmb6jdw5g001an38svvfal3v6,cmb6jeudc006vn38sfebevhz9
user42@example.com,cmb6jdwbk001bn38s4gla5co4,cmb6jeudc006vn38sfebevhz9
user43@example.com,cmb6jdwh2001cn38s8rbjwel1,cmb6jeurj006xn38s5yzcc7ey
user44@example.com,cmb6jdwmx001dn38sl0q8rorv,cmb6jeurj006xn38s5yzcc7ey
user45@example.com,cmb6jdwsp001en38s55s90ggj,cmb6jev6v006zn38ssaeccj8c
user46@example.com,cmb6jdwyf001fn38slu74ulwr,cmb6jev6v006zn38ssaeccj8c
user47@example.com,cmb6jdx49001gn38smy4q0hw1,cmb6jevl10071n38snpf4z3db
user48@example.com,cmb6jdxa8001hn38s4ary1u2l,cmb6jevl10071n38snpf4z3db
user49@example.com,cmb6jdxfj001in38s7k46jg8h,cmb6jevyl0073n38sye1melwy
user50@example.com,cmb6jdxlg001jn38soslqggxp,cmb6jevyl0073n38sye1melwy
user51@example.com,cmb6jdxr5001kn38sozo9vn6l,cmb6jewdx0075n38s7ddmvsn1
user52@example.com,cmb6jdxwp001ln38sma8xv433,cmb6jewdx0075n38s7ddmvsn1
user53@example.com,cmb6jdy2a001mn38sfi0h3zrm,cmb6jewsn0077n38ssskysnz4
user54@example.com,cmb6jdy8i001nn38sa9tnuw1e,cmb6jewsn0077n38ssskysnz4
user55@example.com,cmb6jdye8001on38sj16xdmz4,cmb6jexbt0079n38svfxgl874
user56@example.com,cmb6jdyk2001pn38skk3gpxe6,cmb6jexbt0079n38svfxgl874
user57@example.com,cmb6jdypm001qn38so8swl0t9,cmb6jexq9007bn38slrug66fj
user58@example.com,cmb6jdyuw001rn38sjdoruifn,cmb6jexq9007bn38slrug66fj
user59@example.com,cmb6jdz10001sn38sl8xgc4sv,cmb6jey3r007dn38sam1gsh7b
user60@example.com,cmb6jdz79001tn38ss3mijdvu,cmb6jey3r007dn38sam1gsh7b
user61@example.com,cmb6jdzco001un38sk5ipcw6r,cmb6jeyih007fn38snwrxuus3
user62@example.com,cmb6jdzhy001vn38s9l0bwybk,cmb6jeyih007fn38snwrxuus3
user63@example.com,cmb6jdznr001wn38s8s4oqw0r,cmb6jeyxa007hn38siur4cl6c
user64@example.com,cmb6jdztc001xn38s3ay7tfxs,cmb6jeyxa007hn38siur4cl6c
user65@example.com,cmb6je00j001yn38sdtwt5udl,cmb6jezbr007jn38s0fdhnk94
user66@example.com,cmb6je073001zn38s34hu8ahy,cmb6jezbr007jn38s0fdhnk94
user67@example.com,cmb6je0c30020n38slutwhpo1,cmb6jezpn007ln38snefrokzm
user68@example.com,cmb6je0hr0021n38soyx4np1l,cmb6jezpn007ln38snefrokzm
user69@example.com,cmb6je0mn0022n38s6ehyf8sb,cmb6jf04o007nn38sno2zv0bo
user70@example.com,cmb6je0sc0023n38smq4s1tec,cmb6jf04o007nn38sno2zv0bo
user71@example.com,cmb6je1040024n38syxcgd9r7,cmb6jf0kn007pn38s6gd5k558
user72@example.com,cmb6je16i0025n38s2yrognak,cmb6jf0kn007pn38s6gd5k558
user73@example.com,cmb6je1c20026n38sh0w7db7s,cmb6jf0z6007rn38sjrlc70dw
user74@example.com,cmb6je1i80027n38s4gjjusi6,cmb6jf0z6007rn38sjrlc70dw
user75@example.com,cmb6je1ql0028n38sg6uvon3v,cmb6jf1e7007tn38sscgs9gya
user76@example.com,cmb6je2070029n38s31yyknc2,cmb6jf1e7007tn38sscgs9gya
user77@example.com,cmb6je26f002an38sid4hzog9,cmb6jf1sc007vn38sslgn0hi7
user78@example.com,cmb6je2c6002bn38sk8lcctsf,cmb6jf1sc007vn38sslgn0hi7
user79@example.com,cmb6je2hq002cn38shg60boph,cmb6jf25z007xn38sbtxw0mxf
user80@example.com,cmb6je2nk002dn38sdox17y65,cmb6jf25z007xn38sbtxw0mxf
user81@example.com,cmb6je2th002en38syghdesmq,cmb6jf2k9007zn38s508x4d9g
user82@example.com,cmb6je2yy002fn38surdiu6av,cmb6jf2k9007zn38s508x4d9g
user83@example.com,cmb6je34i002gn38s41wtqwoy,cmb6jf2ya0081n38s84eow7p8
user84@example.com,cmb6je39r002hn38sbbh6kuvf,cmb6jf2ya0081n38s84eow7p8
user85@example.com,cmb6je3fc002in38s3rq20ur1,cmb6jf3ch0083n38sp9yb3asi
user86@example.com,cmb6je3lk002jn38s36luacnv,cmb6jf3ch0083n38sp9yb3asi
user87@example.com,cmb6je3rv002kn38s7t4w8jvg,cmb6jf3qm0085n38sia4msb05
user88@example.com,cmb6je3xn002ln38skp12ht0u,cmb6jf3qm0085n38sia4msb05
user89@example.com,cmb6je43i002mn38soqbnqk7s,cmb6jf4520087n38sjzuu8b6l
user90@example.com,cmb6je49f002nn38s6zwkp3j4,cmb6jf4520087n38sjzuu8b6l
user91@example.com,cmb6je4ev002on38sknypp1w2,cmb6jf4jt0089n38snny62vbw
user92@example.com,cmb6je4kq002pn38s60ry4hxe,cmb6jf4jt0089n38snny62vbw
user93@example.com,cmb6je4qk002qn38so84vvf40,cmb6jf4xy008bn38shdevtjdi
user94@example.com,cmb6je4wf002rn38sxk7l6m0x,cmb6jf4xy008bn38shdevtjdi
user95@example.com,cmb6je52i002sn38ssqkt0r1k,cmb6jf5ce008dn38s2287r3gq
user96@example.com,cmb6je583002tn38smxci8dz8,cmb6jf5ce008dn38s2287r3gq
user97@example.com,cmb6je5do002un38sotmtsv7n,cmb6jf5qv008fn38scylzgq82
user98@example.com,cmb6je5jg002vn38s2b9vxlez,cmb6jf5qv008fn38scylzgq82
user99@example.com,cmb6je5pf002wn38sndbfy6tv,cmb6jf657008hn38sjka1can9
user100@example.com,cmb6je5v7002xn38sv0x5tb22,cmb6jf657008hn38sjka1can9
user101@example.com,cmb6je60o002yn38sga7ityub,cmb6jf6jz008jn38snu925og1
user102@example.com,cmb6je668002zn38su9f3n0ci,cmb6jf6jz008jn38snu925og1
user103@example.com,cmb6je6bs0030n38stk95ho0k,cmb6jf6yc008ln38sz5xu88ge
user104@example.com,cmb6je6ho0031n38swenwh71n,cmb6jf6yc008ln38sz5xu88ge
user105@example.com,cmb6je6n60032n38sguaq7uuf,cmb6jf7g6008nn38s39pzztrq
user106@example.com,cmb6je6sq0033n38sw77vyk02,cmb6jf7g6008nn38s39pzztrq
user107@example.com,cmb6je6yb0034n38s3pja4gyg,cmb6jf7v8008pn38s79p2sp3n
user108@example.com,cmb6je7440035n38sz4qbb5ah,cmb6jf7v8008pn38s79p2sp3n
user109@example.com,cmb6je79o0036n38sxvl0nwny,cmb6jf89f008rn38sscrjn867
user110@example.com,cmb6je7fj0037n38sv2jvo7e7,cmb6jf89f008rn38sscrjn867
user111@example.com,cmb6je7l30038n38sojgjytkv,cmb6jf8nm008tn38soetdwpa4
user112@example.com,cmb6je7qv0039n38srr16dajx,cmb6jf8nm008tn38soetdwpa4
user113@example.com,cmb6je7wq003an38s7ro3ojiy,cmb6jf91n008vn38sd9oug4pu
user114@example.com,cmb6je82a003bn38s10fw16cw,cmb6jf91n008vn38sd9oug4pu
user115@example.com,cmb6je87u003cn38skz14rbha,cmb6jf9fx008xn38sybctxtbu
user116@example.com,cmb6je8dd003dn38sx859khnw,cmb6jf9fx008xn38sybctxtbu
user117@example.com,cmb6je8ix003en38s7ib0dapm,cmb6jf9th008zn38shsni9dfb
user118@example.com,cmb6je8os003fn38sagrj5z8k,cmb6jf9th008zn38shsni9dfb
user119@example.com,cmb6je8uc003gn38st4cpkyqi,cmb6jfa7f0091n38st40bkqrs
user120@example.com,cmb6je906003hn38s89fjfcx9,cmb6jfa7f0091n38st40bkqrs
user121@example.com,cmb6je96e003in38svkiclku6,cmb6jfamp0093n38s7rlybwtw
user122@example.com,cmb6je9cf003jn38s6xtwl4sf,cmb6jfamp0093n38s7rlybwtw
user123@example.com,cmb6je9hz003kn38shpp6saxu,cmb6jfb1u0095n38sr1w1ah23
user124@example.com,cmb6je9ne003ln38sah7hqrmh,cmb6jfb1u0095n38sr1w1ah23
user125@example.com,cmb6je9t2003mn38swqeb99xs,cmb6jfbge0097n38s4fpx63yy
user126@example.com,cmb6je9z6003nn38sbugmu6xs,cmb6jfbge0097n38s4fpx63yy
user127@example.com,cmb6jea50003on38sy8js8e0o,cmb6jfbum0099n38sx2m5p0ne
user128@example.com,cmb6jeaau003pn38s7n9qp9la,cmb6jfbum0099n38sx2m5p0ne
user129@example.com,cmb6jeag3003qn38sq74ttsjd,cmb6jfcab009bn38ss1pezbvq
user130@example.com,cmb6jealo003rn38sghkqj0yk,cmb6jfcab009bn38ss1pezbvq
user131@example.com,cmb6jears003sn38s84g1e8pp,cmb6jfcor009dn38s39318x2b
user132@example.com,cmb6jeaxm003tn38sffv5p4il,cmb6jfcor009dn38s39318x2b
user133@example.com,cmb6jeb3g003un38s0b0netge,cmb6jfd3u009fn38syuo1kf8m
user134@example.com,cmb6jeb99003vn38ssse590nx,cmb6jfd3u009fn38syuo1kf8m
user135@example.com,cmb6jebf5003wn38siowsgp6h,cmb6jfdhg009hn38svvga6bgb
user136@example.com,cmb6jebkx003xn38svkv1tsk9,cmb6jfdhg009hn38svvga6bgb
user137@example.com,cmb6jebq9003yn38snpauerz2,cmb6jfdv2009jn38s2p1je0ws
user138@example.com,cmb6jebw2003zn38scdypi444,cmb6jfdv2009jn38s2p1je0ws
user139@example.com,cmb6jec4q0040n38sokpxsh7w,cmb6jfe96009ln38swu6907or
user140@example.com,cmb6jeceb0041n38siemkqk07,cmb6jfe96009ln38swu6907or
user141@example.com,cmb6jecmf0042n38s62tj1iz2,cmb6jfen3009nn38snh0cwg46
user142@example.com,cmb6jecs40043n38snhciuxt7,cmb6jfen3009nn38snh0cwg46
user143@example.com,cmb6jecxu0044n38se5z3s57f,cmb6jff1u009pn38std90acru
user144@example.com,cmb6jed3e0045n38s48hca58k,cmb6jff1u009pn38std90acru
user145@example.com,cmb6jed9i0046n38s70d273mm,cmb6jffga009rn38shm1z6s7y
user146@example.com,cmb6jedf20047n38s1s4cvoum,cmb6jffga009rn38shm1z6s7y
user147@example.com,cmb6jedkm0048n38s4o6qn2ld,cmb6jffu6009tn38svosxp06l
user148@example.com,cmb6jedq60049n38s9ugzrj6y,cmb6jffu6009tn38svosxp06l
user149@example.com,cmb6jedw0004an38scfhxtq34,cmb6jfg96009vn38sx2cl88r7
user150@example.com,cmb6jee2d004bn38s2fqudl1v,cmb6jfg96009vn38sx2cl88r7
user151@example.com,cmb6jee8h004cn38swoowussm,cmb6jfgnb009xn38skezyrggy
user152@example.com,cmb6jeee2004dn38soz5rrrci,cmb6jfgnb009xn38skezyrggy
user153@example.com,cmb6jeejm004en38sk9mqpbnq,cmb6jfh1s009zn38s2hec3cur
user154@example.com,cmb6jeeps004fn38s8upltnrd,cmb6jfh1s009zn38s2hec3cur
user155@example.com,cmb6jeev9004gn38snu2jpmgj,cmb6jfhfs00a1n38siaere3js
user156@example.com,cmb6jef0z004hn38sxhc5q7a3,cmb6jfhfs00a1n38siaere3js
user157@example.com,cmb6jef6e004in38sfvxtx9co,cmb6jfi0x00a3n38skd75soqw
user158@example.com,cmb6jefct004jn38smdpocwo5,cmb6jfi0x00a3n38skd75soqw
user159@example.com,cmb6jefie004kn38si8s1jczn,cmb6jfifp00a5n38s3p5ry2ml
user160@example.com,cmb6jefny004ln38sqg9ghmf4,cmb6jfifp00a5n38s3p5ry2ml
user161@example.com,cmb6jeftg004mn38slvg3ibcp,cmb6jfiu000a7n38s5104jow4
user162@example.com,cmb6jefz0004nn38so7i43v3n,cmb6jfiu000a7n38s5104jow4
user163@example.com,cmb6jeg4u004on38swyaxyfmp,cmb6jfj8400a9n38suof4cg31
user164@example.com,cmb6jegae004pn38sft9mh1gv,cmb6jfj8400a9n38suof4cg31
user165@example.com,cmb6jegg9004qn38suxjo7cb4,cmb6jfjm000abn38sfb154j3a
user166@example.com,cmb6jegls004rn38s2nm0f342,cmb6jfjm000abn38sfb154j3a
user167@example.com,cmb6jegrq004sn38s5v2s8l68,cmb6jfk0700adn38sde8ww7vi
user168@example.com,cmb6jegx7004tn38s69qe57g0,cmb6jfk0700adn38sde8ww7vi
user169@example.com,cmb6jeh32004un38s8u6nuepi,cmb6jfkej00afn38s69u1m7wx
user170@example.com,cmb6jeh8u004vn38sftq06kef,cmb6jfkej00afn38s69u1m7wx
user171@example.com,cmb6jehee004wn38swzwc81ke,cmb6jfktl00ahn38snhk7phjg
user172@example.com,cmb6jehjy004xn38s23ei7mez,cmb6jfktl00ahn38snhk7phjg
user173@example.com,cmb6jehpi004yn38sex0q0fvw,cmb6jfl7s00ajn38sts6uf9op
user174@example.com,cmb6jehv2004zn38sp92hbwn6,cmb6jfl7s00ajn38sts6uf9op
user175@example.com,cmb6jei100050n38sohq7xac6,cmb6jfllo00aln38scgm2xgr7
user176@example.com,cmb6jei700051n38s0xdz9en5,cmb6jfllo00aln38scgm2xgr7
user177@example.com,cmb6jeid50052n38s3zjl8pjy,cmb6jflzt00ann38sg1e1i1p8
user178@example.com,cmb6jeiio0053n38s6x7chf8g,cmb6jflzt00ann38sg1e1i1p8
user179@example.com,cmb6jeio80054n38syn3sl06b,cmb6jfmea00apn38swaz5y0ml
user180@example.com,cmb6jeiu20055n38sypehri6b,cmb6jfmea00apn38swaz5y0ml
user181@example.com,cmb6jeizh0056n38suojodli6,cmb6jfmsr00arn38sas68u1as
user182@example.com,cmb6jej560057n38su2h12pz3,cmb6jfmsr00arn38sas68u1as
user183@example.com,cmb6jejar0058n38sjso4pft4,cmb6jfn6v00atn38sl9gkqpwr
user184@example.com,cmb6jejga0059n38scp4eo4nv,cmb6jfn6v00atn38sl9gkqpwr
user185@example.com,cmb6jejlu005an38sswdad974,cmb6jfnll00avn38s81qovc64
user186@example.com,cmb6jejro005bn38se5p92tu4,cmb6jfnll00avn38s81qovc64
user187@example.com,cmb6jejxi005cn38spyplhz7q,cmb6jfo2700axn38so5jkml1f
user188@example.com,cmb6jek3c005dn38ssbzt15mj,cmb6jfo2700axn38so5jkml1f
user189@example.com,cmb6jek96005en38s5me852jw,cmb6jfogn00azn38swtnj6t8b
user190@example.com,cmb6jekf0005fn38srjhgx97t,cmb6jfogn00azn38swtnj6t8b
user191@example.com,cmb6jekkk005gn38saiftyr06,cmb6jfovf00b1n38sfctqs0vk
user192@example.com,cmb6jekqe005hn38sddg5dg19,cmb6jfovf00b1n38sfctqs0vk
user193@example.com,cmb6jekwb005in38sdx1gytvt,cmb6jfp9a00b3n38su8kp8wxd
user194@example.com,cmb6jel1s005jn38s8l875zhf,cmb6jfp9a00b3n38su8kp8wxd
user195@example.com,cmb6jel7t005kn38s6j1fbec9,cmb6jfpnt00b5n38su8zk19tf
user196@example.com,cmb6jeldg005ln38s15g9lfwh,cmb6jfpnt00b5n38su8zk19tf
user197@example.com,cmb6jelj0005mn38socq93vp3,cmb6jfq6f00b7n38souxk9g7u
user198@example.com,cmb6jelou005nn38slf7kgc08,cmb6jfq6f00b7n38souxk9g7u
user199@example.com,cmb6jeluo005on38sylgbsgxp,cmb6jfqkk00b9n38sgo4aheu7
user200@example.com,cmb6jem12005pn38sj59d1fit,cmb6jfqkk00b9n38sgo4aheu7